common_name,scientific_name,short_description,detailed_description,is_featured,is_on_sale,status,discount_percentage
Ali,Shahzad,hello,hello,TRUE,TRUE,TRUE,12
khurram,Shahzad,hello,hello,TRUE,TRUE,TRUE,12
haider,Shahzad,hello,hello,TRUE,TRUE,TRUE,12
arham,Shahzad,hello,hello,TRUE,TRUE,TRUE,12
Ali,Shahzad,hello,hello,TRUE,TRUE,TRUE,12
Ali,Shahzad,hello,hello,TRUE,TRUE,TRUE,12
Ali,Shahzad,hello,hello,TRUE,TRUE,TRUE,12
arham,Shahzad,hello,hello,TRUE,TRUE,TRUE,12
Ali,Shahzad,hello,hello,TRUE,TRUE,TRUE,12
Ali,Shahzad,hello,hello,TRUE,TRUE,TRUE,12
Ali,Shahzad,hello,hello,TRUE,TRUE,TRUE,12
Ali,Shahzad,hello,hello,TRUE,TRUE,TRUE,12
Ali,Shahzad,hello,hello,TRUE,TRUE,TRUE,12
arham,Shahzad,hello,hello,TRUE,TRUE,TRUE,12
Ali,Shahzad,hello,hello,TRUE,TRUE,TRUE,12
Ali,Shahzad,hello,hello,TRUE,TRUE,TRUE,12
Ali,Shahzad,hello,hello,TRUE,TRUE,TRUE,12
Ali,Shahzad,hello,hello,TRUE,TRUE,TRUE,12
Ali,Shahzad,hello,hello,TRUE,TRUE,TRUE,12
arham,Shahzad,hello,hello,TRUE,TRUE,TRUE,12
Ali,Shahzad,hello,hello,TRUE,TRUE,TRUE,12
Ali,Shahzad,hello,hello,TRUE,TRUE,TRUE,12
